Contributor,Region,Image URL,2015,2016,2017,2018,2019,2020,2021,2022,2023,2024
mauritsvanrees,Individual,,1662,2487,570,1267,858,1607,1084,2365,1580,1332
gforcada,Individual,,795,1197,316,676,347,18,19,194,2065,319
jensens,Individual,,506,978,591,790,449,235,528,658,373,225
tisto,Individual,,1904,173,485,525,360,661,514,286,277,56
vangheem,Individual,,1673,287,1231,853,526,71,3,6,,
sneridagh,Individual,,139,50,81,223,76,564,1078,1134,474,570
esteele,Individual,,1014,357,855,598,443,11,119,73,,
pbauer,Individual,,693,214,374,1041,289,152,109,366,50,64
thet,Individual,,546,651,327,186,106,152,482,473,108,46
stevepiercy,Individual,,,16,20,6,31,23,196,1073,710,826
petschki,Individual,,18,3,1,162,174,46,178,829,595,641
MrTango,Individual,,48,30,224,269,249,173,243,448,154,82
davisagli,Individual,,120,64,154,198,,,,276,316,438
ericof,Individual,,,,,3,26,17,306,628,319,242
datakurre,Individual,,667,409,258,33,15,19,7,13,3,
ksuess,Individual,,,,9,23,50,153,207,523,192,62
bloodbare,Individual,,290,301,3,150,116,193,16,12,11,7
agitator,Individual,,64,96,109,67,123,115,278,220,2,
smcmahon,Individual,,213,202,123,145,77,16,,,,
ale-rt,Individual,,,31,26,287,103,56,104,87,44,24
erral,Individual,,25,11,28,83,63,39,33,142,85,98
ebrehault,Individual,,133,89,189,69,15,67,27,4,5,1
fredvd,Individual,,9,25,7,6,9,9,17,91,297,56
tkimnguyen,Individual,,25,90,72,88,107,44,21,22,,45
tiberiuichim,Individual,,,,5,,,149,123,150,64,2
robgietema,Individual,,,4,150,256,,14,,38,8,11
jaroel,Individual,,89,9,184,49,35,33,2,1,46,
loechel,Individual,,10,21,241,96,11,,12,4,1,
vincentfretin,Individual,,197,47,8,18,24,77,1,,,
avoinea,Individual,,6,40,15,39,39,79,61,59,23,5
