organisation,total_commits,total_pull_requests,contributors_count,contributors,repositories_count,repositories,years_active,first_contribution,last_contribution
kitconcept,14937,3750,16,"ThomasKindermann, Tishasoumya-02, danalvrz, davisagli, ericof, fredvd, iFlameing, iRohitSingh, jackahl, jaroel, jnptk, reebalazs, robgietema, sneridagh, steffenri, tisto",180,".github, 2023.ploneconf.org, 2024.ploneconf.org, Plone, Products.ATContentTypes, Products.Archetypes, Products.CMFDiffTool, Products.CMFDynamicViewFTI, Products.CMFEditions, Products.CMFFormController, Products.CMFPlacefulWorkflow, Products.CMFPlone, Products.CMFQuickInstallerTool, Products.ExtendedPathIndex, Products.Marshall, Products.MimetypesRegistry, Products.PloneLanguageTool, Products.PlonePAS, Products.PortalTransforms, Products.contentmigration, admin-team, ansible-playbook, ansible.plone_server, archetypes.multilingual, archetypes.referencebrowserwidget, blocks-conversion-tool, bobtemplates.plone, buildout.coredev, code-analysis-action, code-quality, collective.indexing, collective.monkeypatcher, cookiecutter-zope-instance, cookieplone, cookieplone-templates, critical-css-cli, demo.plone.org, diazo, documentation, guillotina, helm-charts, jenkins.plone.org, meta, mockup, mr.roboto, old_plone.org, papyrus, pastanaga, pastanaga-angular, pastanaga-icons, planet.plone.org, plone-backend, plone-frontend, plone-zeo, plone.alterego, plone.api, plone.app.blob, plone.app.caching, plone.app.collection, plone.app.content, plone.app.contentlisting, plone.app.contentmenu, plone.app.contentrules, plone.app.contenttypes, plone.app.controlpanel, plone.app.customerize, plone.app.debugtoolbar, plone.app.dexterity, plone.app.discussion, plone.app.event, plone.app.folder, plone.app.form, plone.app.i18n, plone.app.imaging, plone.app.iterate, plone.app.layout, plone.app.linkintegrity, plone.app.lockingbehavior, plone.app.mosaic, plone.app.multilingual, plone.app.openid, plone.app.portlets, plone.app.querystring, plone.app.redirector, plone.app.referenceablebehavior, plone.app.registry, plone.app.relationfield, plone.app.robotframework, plone.app.search, plone.app.testing, plone.app.textfield, plone.app.theming, plone.app.upgrade, plone.app.users, plone.app.uuid, plone.app.versioningbehavior, plone.app.viewletmanager, plone.app.vocabularies, plone.app.vulnerabilities, plone.app.widgets, plone.app.workflow, plone.app.workflowmanager, plone.app.z3cform, plone.autoform, plone.autoinclude, plone.base, plone.batching, plone.behavior, plone.browserlayer, plone.cachepurging, plone.caching, plone.classicui, plone.de, plone.dexterity, plone.distribution, plone.event, plone.exportimport, plone.folder, plone.formwidget.contenttree, plone.formwidget.hcaptcha, plone.formwidget.namedfile, plone.formwidget.querystring, plone.formwidget.recaptcha, plone.formwidget.recurrence, plone.i18n, plone.intelligenttext, plone.jenkins_node, plone.jenkins_server, plone.locking, plone.memoize, plone.namedfile, plone.nl, plone.openid, plone.org, plone.outputfilters, plone.portlet.collection, plone.portlet.static, plone.portlets, plone.protect, plone.recipe.alltests, plone.recipe.codeanalysis, plone.recipe.zope2instance, plone.registry, plone.releaser, plone.resource, plone.resourceeditor, plone.rest, plone.restapi, plone.restapi-angular, plone.rfc822, plone.scale, plone.schema, plone.schemaeditor, plone.session, plone.staticresources, plone.stringinterp, plone.subrequest, plone.supermodel, plone.synchronize, plone.testing, plone.theme, plone.tiles, plone.volto, plone.z3cform, ploneconf.org, ploneconf2016.policy, plonectl, ploneorg.core, ploneorg.theme, plonetheme.barceloneta, quanta-icons, setup-plone, training, vite-playground, volto, volto-addon-ci, volto-quanta, volto-quanta-project, volto-reference-backend, voltocms.com","2015, 2016, 2017, 2018, 2019, 2020, 2021, 2022, 2023, 2024",2015-01-04,2024-12-15
py76,14812,1499,1,mauritsvanrees,175,".github, Installers-UnifiedInstaller, Plone, Products.ATContentTypes, Products.Archetypes, Products.CMFDiffTool, Products.CMFDynamicViewFTI, Products.CMFEditions, Products.CMFFormController, Products.CMFPlacefulWorkflow, Products.CMFPlone, Products.CMFQuickInstallerTool, Products.ExtendedPathIndex, Products.LinguaPlone, Products.Marshall, Products.MimetypesRegistry, Products.PlacelessTranslationService, Products.PloneHotfix20210518, Products.PloneLanguageTool, Products.PlonePAS, Products.PortalTransforms, Products.ResourceRegistries, Products.contentmigration, Products.isurlinportal, Products.statusmessages, Products.validation, archetypes.multilingual, archetypes.querywidget, archetypes.referencebrowserwidget, archetypes.schemaextender, bobtemplates.plone, borg.localrole, buildout.coredev, classic-ui-team, collective.monkeypatcher, cookiecutter-zope-instance, cookieplone-templates, demo.plone.org, diazo, documentation, experimental.publishtraverse, five.intid, jenkins.plone.org, meta, mockup, mr.roboto, papyrus, planet.plone.org, plone-backend, plone.alterego, plone.api, plone.app.blob, plone.app.blocks, plone.app.caching, plone.app.collection, plone.app.content, plone.app.contentlisting, plone.app.contentmenu, plone.app.contentrules, plone.app.contenttypes, plone.app.controlpanel, plone.app.customerize, plone.app.debugtoolbar, plone.app.dexterity, plone.app.discussion, plone.app.event, plone.app.folder, plone.app.form, plone.app.i18n, plone.app.imaging, plone.app.intid, plone.app.iterate, plone.app.layout, plone.app.ldap, plone.app.linkintegrity, plone.app.lockingbehavior, plone.app.mosaic, plone.app.multilingual, plone.app.openid, plone.app.portlets, plone.app.querystring, plone.app.redirector, plone.app.referenceablebehavior, plone.app.registry, plone.app.relationfield, plone.app.robotframework, plone.app.search, plone.app.standardtiles, plone.app.testing, plone.app.textfield, plone.app.theming, plone.app.tiles, plone.app.upgrade, plone.app.users, plone.app.uuid, plone.app.versioningbehavior, plone.app.viewletmanager, plone.app.vocabularies, plone.app.vulnerabilities, plone.app.widgets, plone.app.workflow, plone.app.z3cform, plone.autoform, plone.autoinclude, plone.base, plone.batching, plone.behavior, plone.browserlayer, plone.cachepurging, plone.caching, plone.classicui, plone.contentrules, plone.dexterity, plone.distribution, plone.event, plone.exportimport, plone.folder, plone.formwidget.autocomplete, plone.formwidget.contenttree, plone.formwidget.datetime, plone.formwidget.namedfile, plone.formwidget.querystring, plone.formwidget.recurrence, plone.i18n, plone.indexer, plone.intelligenttext, plone.keyring, plone.locking, plone.memoize, plone.multilingualbehavior, plone.namedfile, plone.openid, plone.org, plone.outputfilters, plone.portlet.collection, plone.portlet.static, plone.portlets, plone.protect, plone.recipe.alltests, plone.recipe.precompiler, plone.recipe.zeoserver, plone.recipe.zope2instance, plone.registry, plone.releaser, plone.reload, plone.resource, plone.resourceeditor, plone.rest, plone.restapi, plone.rfc822, plone.scale, plone.schema, plone.schemaeditor, plone.session, plone.staticresources, plone.stringinterp, plone.subrequest, plone.supermodel, plone.synchronize, plone.testing, plone.theme, plone.themepreview, plone.tiles, plone.transformchain, plone.uuid, plone.versioncheck, plone.volto, plone.z3cform, plonetheme.barceloneta, plonetheme.classic, plonetheme.sunburst, setup-plone, training, volto, zodbverify","2015, 2016, 2017, 2018, 2019, 2020, 2021, 2022, 2023, 2024",2015-03-01,2024-12-15
Independent,6887,3989,632,"07tAnYa, 1bsilver, 2silver, 3dogMcNeill, Aarav238, Abhishek-17h, AbhishekCS3459, AdarshRawat1, Adityaadpandey, AkshJain99, Akshat2Jain, AlexBueckig, Ananyasingh2002, AndreasJonsson, Ankuristic, AnneGilles, AnshulKahar2729, Aryan8912, Atharvp01, AuroreMariscal, Azzam1503, Bad-Request, BhardwajAditya-github, BhavishyaSahay, BhuvaneshPatil, CaffeinatedStud, CannedShroud, CoyoteClear340, DhanushShettyH, DieKatze, Dnouv, EshaanAgg, Faakhir30, FarooqAlaulddin, Fosten, FreakForever, FritzHoing, Frs2304, Gagaro, GerardRodes, GhitaB, Gomez, Harshit-7373, HarshitVashisht11, Hrittik20, HyperDanisH, IshaanDasgupta, JASIM0021, Jiang-Jian-Lin, Junko-Takeguchi, KUNDAN1334, Kaku-g, KartikBudania, Keval404, Killthebug, KshitizRana, LF406353, Lakshay1509, LakshyaRoy, LeuAlmeida, LeviBroadnax, LuisPalomo, MAX-786, Manancode, Manas-Kenge, Mandy767, Manice18, MarcoCouto, MarkusMayer, Martronic-SA, MatthewWilkes, Mattiullah134, MihaelaCretu11, MoazMirza-13, MohammadBinAftab, Molochem, Monu01123, MostafaMagdyy, MuktiMishra, Narottamchy, NereaDM, Netroxen, Nimo-19, Nishannb, Noobham, NutNick31, OmkarMishr, OnnaRob, PrasannaGadalGIT, Prince0906, PriyanshuRj, Pulkitxm, Qiwn, Raghvendra9402, Raman-Luhach, Ravi-kumar9347, Rico29, Rishith-S, RobZoneNet, Rotonen, Rudd-O, Sadeedpv, SaiRev0, SajidCurious, Sakoes, SaraBianchi, SarthakPaandey, SayanDeveloper, Schemata, Shibbu264, Shivaji2808, Shriyanshagro, Sonamla1797, SteffenKockel, SyZn, TC5022, TG1999, TajAlasfiyaa, TakCastel, TechSubham, ThibautBorn, ThisisMS11, Thokas, TrellixVulnTeam, UnaiEtxaburu, Vansh-Baghel, VarunMotiyani, VaysseB, VedantRaut-sudo, Viratsingh527, Vivek-04022001, VrajRP2004, WnP, Xhale1, ZubairImtiaz3, aadarsh-nagrath, aadityaforwork, aashimgarg, aayushsanghavi, abhay-dev2901, abhinaisai2002, ableeb, abosio, acatlla, achimwilde, aclark4life, acsr, adam139, adamcheasley, adaugherity, aditi028, agan-k, agentcoops, agroszer, ajayns, ajmalwali7, akshatgarg12, albertcasado, albertduran, aleGpereira, alecghica, alecpm, alexnuttinck, alihamza1221, aliomarmohamed, allcaps, allusa, andbag, andreasma, andreesg, andreiggr, aniket7r, animus888, anirudhhkashyap, anish-patro, antedotee, anton-lin, anukaal, anuyens, aormazabal, arky, arsenico13, aryamanpuri, aryan7081, askadityapandey, asthemus, athomerson, avimishra18, avolkov, awello, b0n, b4oshany, badrivlog, balavec, barcafa, basvanberckel, batlock666, bduncan137, benniboy, bernhardreiter, bipoza, bogdangi, braytonosg, brunobbbs, bsnizek, busykoala, callpri, calvinhp, casdr, cdevienne, cdw9, cedricmessiant, cewing, cguardia, chaoflow, chirayu-humar, chubchik, cihanandac, cillianderoiste, cjsteel, cjwatson, claytonc, cleberjsantos, codic-yeeshu, colinpade, craftsbyshuvro, csenger, curiousyuvi, daggelpop, daguar, dals83, damiDev8, danboggins, danielamormocea, daniele-andreotti, danmur, david-batranu, davidemoro, davidjb, davilima6, davisagli2, dbitouze, ddokter, deankarlen, deepanshu202002, demarant, deodorhunter, deruosi, dest81, dev-cj, devdanzin, dgroos, dgsmith2, dhavlik, dheerajk2003, dhruvgupta0503, dhruvkhattar, diefenbach, digitalnaSRB, displacedaussie, djowett-ftw, dmanchon, dmunicio, do3cc, domruf, duchenean, dwt, eikichi18, ekulos, encolpe, enkidulan, erikriver, espenmn, ewohnlich, ezvirtual, fabiorauber, falgunmpatel, faro76, faustoonna, fazalsulaiman, fdiary, fgrcon, fhelmberger, fossabot, frisi, fschulze, fulv, gamboz, garbas, gaudenz, gauravsingh94, geier, ghnire, ghost, gil-cano, gitcarbs, gitter-badger, gnafou, goschtl, gvizdyk, h-khkh, hackerkid, hanirok, hannosch, hazigabriel, hemant-hc, hersonrodrigues, hgarus, himanshu81494, hipertracker, hirokiky, htgoebel, huubbouma, hvelarde, iamAyushChamoli, ida, idgserpro, inakip, ionutgrigorescu, ishk9, ivanteoh, j-craig, j-durbin, jackBzzz, jairhenrique, janga1997, janjaapdriessen, janwijbrand, javiermolinar, jcbrand, jcerjak, jean, jeanferri, jeffheinrichs, jenkins-plone-org, jessesnyder, jfroche, jhgouveia, jianaijun, jid, jihaisse, jimbiscuit, jimfulton, jlp0328, jmevissen, jnns, jochumdev, joka, jordic, jordnV, jotare, jpgimenez, ju55i, jugmac00, julianhandl, julienCarret, justdaksh, k-j-kleist, kHAPPY2004, kakshay21, kanhaiya04, karalics, karannaoh, kcleong, kd1729, keul, khanstark, khink, kiorky, knight-95, kreafox, krissik, kshitiz305, ktsrivastava29, kuetrzi, kushfs, kyle-widmann, l00ptr, l34marr, ladplone, laithmassoud, lccruz, ldaverio, lellex, lenadax, lentinj, leplatrem, lferran, lkttyagi, llisa123, loechel, lord2anil, lorstenoplo, lowks, lrowe, ltakens, luca-bellenghi, lucid-0, lukebrannon, luxcas, lyralemos, lzdych, maartenkling, maethu, malikrohit16, malloxpb, malthe, marciomazza, marcus29200, marcyang001, margaridasp, martior, marwanatef2, mattss, mbaechtold, mbarde, mcasagrande18, mck9, mdsahiloss, me-kell, mehedikhan72, meshde, metatoaster, mgedmin, michaellaunay, mihai-macaneata, mihaislobozeanu, mikejmets, mikkohu, miohtama, miropaananen, mitakas, miziodel, movermeyer, mr-rob, mrcrilly, mrsaicharan1, mtoepfl, mtrebron, muditchoudhary, mzfr, nandanak, navyn13, nazrulworld, ndmaratha, nduka-junior, nehsus, neilferreira, newbazz, nightmarebadger, niglesiaszingoni, nilootpal, nilshofer, nimishmedatwal, ninanoleto, njomzaav, nngu6036, nnnewb, npmcdn-to-unpkg-bot, obct537, odidev, oggers, operramon, oz123, pabo3000, pandeyprashant123-coder, parruc, patrickmonteiro, paulrentschler, perrinjerome, petri, pfreixes, pkariz, prakharjoshi, pranayjoshi, pranshuchittora, prithvi009, priyansh71, psanlorenzo, puittenbroek, pysailor, pyup-bot, rabahalishah, rafaelbco, raghavKasyap, rahilhastu, rakshith6404, ramiroluz, ranjeetrai07, raphael-ritz, raulclay, ravjot07, razvanMiu, rber474, retr0717, retsu, rexalex, reyha, rfleschenberg, rhl-bthr, rigarash, rioksane, rishabhv471, rishuraj1, ritwikagarwal, rnicola-1605, rnixx, rnunez80, robbuh, robdayz, robinsjm2, rockfruit, rodfersou, rosehosting, rristow, rstefko, rudaporto, sabrina-bongiovanni, sah246ir, sahilkodwani08, saily, sallner, samriddhi99, sans-byte, santonelli, saqibameen, satisshhhhhh, satyam4p, sauzher, sboghy, sdelcourt, seanupton, sebasgo, serge73, sgeulette, sgrepos, shadowmint, shashuat, shentonfreude, sherpya, shiven16, shotat, shubhamtalesara, sif77, silviot, silviubogan, simahawk, simon-previdente, singhcoder694, sitanshu05, skleinfeldt, skurfer, smcmahon, sonawanemaitreya, staeff, stefanfoulis, streaps, sudhanshu1309, suman9893, sumukhah, sunew, sureshvv, suryadev99, suyashrastogi7, sverbois, takanory, talarias, tareqalam, tcurvelo, tdesvenain, techdev5521, tedw87, telshock, tesudesu, thomlamb, thyarles, tianon, timgates42, timitos, tjprescott, tmog, toalba, tobiasherp, tomgross, tsimkins, tulikavijay, tuticapi, ujjwaleee26, ujjwalpathaak, ukretschmer, untitaker, uranusjr, utkkkarshhh, uwaiszaki, valentinab25, valipod, vanshdeepsingh-coder, vedantc98, veit, veritazx, vermavaishnav70, victorchrollo14, vikas-parashar, vikashsprem, viktordick, vinay72, vincentfretin, vincero, vipod, vipulgupta28, viveak910, vivekptnk, vkarppinen, vmaksymiv, waffle-iron, waghanza, winniehell, winstonf88, witekdev, wolbernd, woolyseal, xiru, yahya-cloud, yashmangal112, yboussard, yleclanche, zemm, zmijunkie, zotya, zupo, zworkb, zylinx",202,"2023.ploneconf.org, Installers-UnifiedInstaller, Plone, Products.ATContentTypes, Products.Archetypes, Products.CMFDiffTool, Products.CMFDynamicViewFTI, Products.CMFEditions, Products.CMFFormController, Products.CMFPlacefulWorkflow, Products.CMFPlone, Products.CMFQuickInstallerTool, Products.ExtendedPathIndex, Products.LinguaPlone, Products.Marshall, Products.MimetypesRegistry, Products.PlonePAS, Products.PortalTransforms, Products.ResourceRegistries, Products.contentmigration, Products.isurlinportal, Products.statusmessages, Products.validation, ansible-playbook, ansible.plone_server, archetypes.multilingual, archetypes.querywidget, archetypes.referencebrowserwidget, blocks-conversion-tool, bobtemplates.plone, borg.localrole, buildout.coredev, collective.indexing, collective.monkeypatcher, cookiecutter-zope-instance, cookieplone, cookieplone-templates, critical-css-cli, diazo, documentation, executioner, guillotina, guillotina_dbusers, guillotina_elasticsearch, guillotina_gcloudstorage, guillotina_rediscache, guillotina_s3storage, helm-charts, jenkins.plone.org, meta, mockup, mr.roboto, papyrus, pastanaga, pastanaga-angular, pastanaga-icons, planet.plone.org, plone-backend, plone-frontend, plone-haproxy, plone-vs-snippets, plone-zeo, plone.api, plone.app.blob, plone.app.blocks, plone.app.caching, plone.app.collection, plone.app.content, plone.app.contentlisting, plone.app.contentmenu, plone.app.contentrules, plone.app.contenttypes, plone.app.controlpanel, plone.app.customerize, plone.app.debugtoolbar, plone.app.dexterity, plone.app.discussion, plone.app.drafts, plone.app.event, plone.app.folder, plone.app.form, plone.app.i18n, plone.app.imaging, plone.app.intid, plone.app.iterate, plone.app.layout, plone.app.ldap, plone.app.linkintegrity, plone.app.lockingbehavior, plone.app.mosaic, plone.app.multilingual, plone.app.multilingualindexes, plone.app.openid, plone.app.portlets, plone.app.querystring, plone.app.redirector, plone.app.referenceablebehavior, plone.app.registry, plone.app.relationfield, plone.app.robotframework, plone.app.search, plone.app.standardtiles, plone.app.testing, plone.app.textfield, plone.app.theming, plone.app.themingplugins, plone.app.tiles, plone.app.upgrade, plone.app.users, plone.app.uuid, plone.app.versioningbehavior, plone.app.viewletmanager, plone.app.vocabularies, plone.app.vulnerabilities, plone.app.widgets, plone.app.workflow, plone.app.workflowmanager, plone.app.z3cform, plone.autoform, plone.base, plone.batching, plone.behavior, plone.cachepurging, plone.caching, plone.com-static, plone.contentrules, plone.de, plone.dexterity, plone.docker, plone.dotfiles, plone.folder, plone.formwidget.autocomplete, plone.formwidget.contenttree, plone.formwidget.datetime, plone.formwidget.hcaptcha, plone.formwidget.multifile, plone.formwidget.namedfile, plone.formwidget.querystring, plone.formwidget.recaptcha, plone.formwidget.recurrence, plone.github, plone.github.io, plone.i18n, plone.instanceprofiling, plone.intelligenttext, plone.jsonserializer, plone.locking, plone.memoize, plone.namedfile, plone.nl, plone.openid, plone.org, plone.outputfilters, plone.patternslib, plone.portlet.collection, plone.portlet.static, plone.protect, plone.recipe.codeanalysis, plone.recipe.unifiedinstaller, plone.recipe.zeoserver, plone.recipe.zope2instance, plone.registry, plone.releaser, plone.reload, plone.resource, plone.resourceeditor, plone.rest, plone.restapi, plone.restapi-angular, plone.rfc822, plone.scale, plone.schema, plone.schemaeditor, plone.session, plone.staticresources, plone.stringinterp, plone.subrequest, plone.supermodel, plone.testing, plone.theme, plone.tiles, plone.transformchain, plone.versioncheck, plone.volto, plone.z3cform, plone_best_practices_discussion, plonecli, ploneconf.org, ploneconf2016.policy, plonedev.vagrant, ploneorg.core, ploneorg.theme, plonetheme.barceloneta, plonetheme.classic, plonetheme.sunburst, quickstart, sphinxtheme.plone, training, volto, volto-addon-ci, volto-reference-backend, zodbverify","2015, 2016, 2017, 2018, 2019, 2020, 2021, 2022, 2023, 2024",2015-01-04,2024-12-15
freitag,5946,1149,1,gforcada,173,".github, Installers-UnifiedInstaller, Plone, Products.ATContentTypes, Products.Archetypes, Products.CMFDiffTool, Products.CMFDynamicViewFTI, Products.CMFEditions, Products.CMFFormController, Products.CMFPlacefulWorkflow, Products.CMFPlone, Products.CMFQuickInstallerTool, Products.ExtendedPathIndex, Products.LinguaPlone, Products.Marshall, Products.MimetypesRegistry, Products.PlacelessTranslationService, Products.PloneLanguageTool, Products.PlonePAS, Products.PortalTransforms, Products.ResourceRegistries, Products.contentmigration, Products.isurlinportal, Products.statusmessages, Products.validation, ansible-playbook, archetypes.multilingual, archetypes.referencebrowserwidget, archetypes.schemaextender, bobtemplates.plone, borg.localrole, buildout.coredev, collective.indexing, collective.monkeypatcher, cookiecutter-zope-instance, diazo, documentation, five.intid, guillotina, jenkins.plone.org, meta, mockup, mr.roboto, planet.plone.org, plone.alterego, plone.api, plone.app.blob, plone.app.blocks, plone.app.caching, plone.app.collection, plone.app.content, plone.app.contentlisting, plone.app.contentmenu, plone.app.contentrules, plone.app.contenttypes, plone.app.customerize, plone.app.debugtoolbar, plone.app.dexterity, plone.app.discussion, plone.app.drafts, plone.app.event, plone.app.folder, plone.app.form, plone.app.i18n, plone.app.imaging, plone.app.intid, plone.app.iterate, plone.app.layout, plone.app.ldap, plone.app.linkintegrity, plone.app.lockingbehavior, plone.app.mosaic, plone.app.multilingual, plone.app.openid, plone.app.portlets, plone.app.querystring, plone.app.redirector, plone.app.referenceablebehavior, plone.app.registry, plone.app.relationfield, plone.app.robotframework, plone.app.standardtiles, plone.app.testing, plone.app.textfield, plone.app.theming, plone.app.tiles, plone.app.upgrade, plone.app.users, plone.app.uuid, plone.app.versioningbehavior, plone.app.viewletmanager, plone.app.vocabularies, plone.app.vulnerabilities, plone.app.widgets, plone.app.workflow, plone.app.z3cform, plone.autoform, plone.autoinclude, plone.base, plone.batching, plone.behavior, plone.browserlayer, plone.cachepurging, plone.caching, plone.contentrules, plone.dexterity, plone.distribution, plone.event, plone.folder, plone.formwidget.autocomplete, plone.formwidget.contenttree, plone.formwidget.datetime, plone.formwidget.hcaptcha, plone.formwidget.multifile, plone.formwidget.namedfile, plone.formwidget.querystring, plone.formwidget.recaptcha, plone.formwidget.recurrence, plone.github, plone.i18n, plone.indexer, plone.intelligenttext, plone.jenkins_node, plone.jenkins_server, plone.jsonserializer, plone.keyring, plone.locking, plone.login, plone.memoize, plone.namedfile, plone.openid, plone.outputfilters, plone.portlet.collection, plone.portlet.static, plone.portlets, plone.protect, plone.recipe.alltests, plone.recipe.codeanalysis, plone.recipe.precompiler, plone.recipe.zeoserver, plone.recipe.zope2instance, plone.registry, plone.releaser, plone.reload, plone.resource, plone.resourceeditor, plone.rest, plone.restapi, plone.rfc822, plone.scale, plone.schema, plone.schemaeditor, plone.session, plone.staticresources, plone.stringinterp, plone.subrequest, plone.supermodel, plone.synchronize, plone.testing, plone.theme, plone.tiles, plone.transformchain, plone.uuid, plone.versioncheck, plone.volto, plone.z3cform, plone_best_practices_discussion, ploneorg.core, ploneorg.theme, plonetheme.barceloneta, plonetheme.sunburst, setup-plone, training","2015, 2016, 2017, 2018, 2019, 2020, 2021, 2022, 2023, 2024",2015-01-11,2024-12-22
kleinundpartner,5333,877,1,jensens,155,"Installers-UnifiedInstaller, Plone, Products.ATContentTypes, Products.Archetypes, Products.CMFDiffTool, Products.CMFDynamicViewFTI, Products.CMFEditions, Products.CMFFormController, Products.CMFPlacefulWorkflow, Products.CMFPlone, Products.CMFQuickInstallerTool, Products.ExtendedPathIndex, Products.Marshall, Products.MimetypesRegistry, Products.PlonePAS, Products.PortalTransforms, Products.ResourceRegistries, Products.statusmessages, Products.validation, archetypes.multilingual, archetypes.schemaextender, bobtemplates.plone, borg.localrole, buildout.coredev, collective.monkeypatcher, cookiecutter-zope-instance, cookieplone-templates, documentation, five.intid, helm-charts, meta, mockup, mr.roboto, old_plone.org, papyrus, planet.plone.org, plone-backend, plone-frontend, plone.alterego, plone.api, plone.app.async, plone.app.blob, plone.app.blocks, plone.app.caching, plone.app.collection, plone.app.content, plone.app.contentlisting, plone.app.contentmenu, plone.app.contentrules, plone.app.contenttypes, plone.app.controlpanel, plone.app.customerize, plone.app.dexterity, plone.app.discussion, plone.app.drafts, plone.app.event, plone.app.folder, plone.app.i18n, plone.app.imaging, plone.app.intid, plone.app.iterate, plone.app.layout, plone.app.ldap, plone.app.linkintegrity, plone.app.lockingbehavior, plone.app.mosaic, plone.app.multilingual, plone.app.multilingualindexes, plone.app.openid, plone.app.portlets, plone.app.querystring, plone.app.redirector, plone.app.referenceablebehavior, plone.app.registry, plone.app.relationfield, plone.app.robotframework, plone.app.standardtiles, plone.app.testing, plone.app.textfield, plone.app.theming, plone.app.themingplugins, plone.app.tiles, plone.app.upgrade, plone.app.users, plone.app.uuid, plone.app.versioningbehavior, plone.app.viewletmanager, plone.app.vocabularies, plone.app.widgets, plone.app.workflow, plone.app.z3cform, plone.autoform, plone.base, plone.batching, plone.behavior, plone.browserlayer, plone.cachepurging, plone.caching, plone.classicui, plone.contentrules, plone.dexterity, plone.docker, plone.event, plone.folder, plone.formwidget.hcaptcha, plone.formwidget.namedfile, plone.formwidget.recaptcha, plone.github, plone.i18n, plone.indexer, plone.intelligenttext, plone.jenkins_node, plone.keyring, plone.locking, plone.login, plone.namedfile, plone.org, plone.outputfilters, plone.patternslib, plone.portlet.collection, plone.portlet.static, plone.portlets, plone.protect, plone.recipe.codeanalysis, plone.recipe.precompiler, plone.recipe.unifiedinstaller, plone.recipe.zeoserver, plone.recipe.zope2instance, plone.registry, plone.resource, plone.resourceeditor, plone.rest, plone.restapi, plone.rfc822, plone.scale, plone.schema, plone.schemaeditor, plone.session, plone.staticresources, plone.stringinterp, plone.subrequest, plone.supermodel, plone.testing, plone.theme, plone.tiles, plone.transformchain, plone.versioncheck, plone.volto, plone.z3cform, plonecli, ploneorg.core, plonetheme.barceloneta, training, volto, zodbverify","2015, 2016, 2017, 2018, 2019, 2020, 2021, 2022, 2023, 2024",2015-01-11,2024-11-24
vangheem,4650,782,1,vangheem,78,"Products.ATContentTypes, Products.Archetypes, Products.CMFEditions, Products.CMFPlone, Products.PlonePAS, Products.PortalTransforms, archetypes.referencebrowserwidget, buildout.coredev, documentation, guillotina, guillotina_dbusers, guillotina_elasticsearch, guillotina_gcloudstorage, guillotina_mailer, guillotina_prometheus, guillotina_rediscache, guillotina_s3storage, guillotina_statsd, mockup, planet.plone.org, plone.app.blob, plone.app.blocks, plone.app.caching, plone.app.collection, plone.app.content, plone.app.contentmenu, plone.app.contentrules, plone.app.contenttypes, plone.app.controlpanel, plone.app.dexterity, plone.app.discussion, plone.app.drafts, plone.app.event, plone.app.imaging, plone.app.iterate, plone.app.layout, plone.app.linkintegrity, plone.app.lockingbehavior, plone.app.mosaic, plone.app.multilingual, plone.app.portlets, plone.app.querystring, plone.app.registry, plone.app.relationfield, plone.app.robotframework, plone.app.standardtiles, plone.app.testing, plone.app.theming, plone.app.tiles, plone.app.upgrade, plone.app.users, plone.app.versioningbehavior, plone.app.vocabularies, plone.app.widgets, plone.app.z3cform, plone.cachepurging, plone.dexterity, plone.folder, plone.formwidget.namedfile, plone.formwidget.querystring, plone.formwidget.recurrence, plone.locking, plone.namedfile, plone.outputfilters, plone.portlet.collection, plone.portlet.static, plone.protect, plone.resource, plone.resourceeditor, plone.restapi, plone.schemaeditor, plone.staticresources, plone.subrequest, plone.theme, plone.tiles, plonetheme.barceloneta, training, volto","2015, 2016, 2017, 2018, 2019, 2020, 2021, 2022",2015-01-11,2022-05-15
syslab,3923,1464,5,"ale-rt, pilz, reinhardt, svx, thet",150,"Installers-UnifiedInstaller, Products.ATContentTypes, Products.Archetypes, Products.CMFDynamicViewFTI, Products.CMFEditions, Products.CMFFormController, Products.CMFPlacefulWorkflow, Products.CMFPlone, Products.CMFQuickInstallerTool, Products.LinguaPlone, Products.MimetypesRegistry, Products.PlonePAS, Products.PortalTransforms, Products.contentmigration, ansible.plone_server, archetypes.multilingual, archetypes.referencebrowserwidget, archetypes.schemaextender, archive.plone.org, bobtemplates.plone, borg.localrole, buildout.coredev, collective.indexing, collective.monkeypatcher, cookieplone-templates, docs-guide, documentation, five.intid, guillotina, jenkins.plone.org, meta, mockup, papyrus, pat-content-browser, planet.plone.org, plone-vs-snippets, plone.api, plone.app.blob, plone.app.blocks, plone.app.caching, plone.app.content, plone.app.contentlisting, plone.app.contentmenu, plone.app.contentrules, plone.app.contenttypes, plone.app.customerize, plone.app.debugtoolbar, plone.app.dexterity, plone.app.discussion, plone.app.event, plone.app.folder, plone.app.i18n, plone.app.imaging, plone.app.iterate, plone.app.layout, plone.app.ldap, plone.app.linkintegrity, plone.app.lockingbehavior, plone.app.mosaic, plone.app.multilingual, plone.app.multilingualindexes, plone.app.portlets, plone.app.querystring, plone.app.redirector, plone.app.registry, plone.app.relationfield, plone.app.robotframework, plone.app.standardtiles, plone.app.testing, plone.app.textfield, plone.app.theming, plone.app.tiles, plone.app.upgrade, plone.app.users, plone.app.uuid, plone.app.versioningbehavior, plone.app.viewletmanager, plone.app.vocabularies, plone.app.widgets, plone.app.workflow, plone.app.workflowmanager, plone.app.z3cform, plone.autoform, plone.autoinclude, plone.base, plone.batching, plone.behavior, plone.cachepurging, plone.caching, plone.classicui, plone.dexterity, plone.distribution, plone.docker, plone.event, plone.folder, plone.formwidget.autocomplete, plone.formwidget.contenttree, plone.formwidget.hcaptcha, plone.formwidget.multifile, plone.formwidget.namedfile, plone.formwidget.recaptcha, plone.formwidget.recurrence, plone.i18n, plone.indexer, plone.instanceprofiling, plone.jsonserializer, plone.keyring, plone.locking, plone.memoize, plone.namedfile, plone.outputfilters, plone.patternslib, plone.portlet.collection, plone.portlet.static, plone.portlets, plone.protect, plone.recipe.haproxy, plone.recipe.zeoserver, plone.recipe.zope2instance, plone.registry, plone.releaser, plone.reload, plone.resource, plone.resourceeditor, plone.rest, plone.restapi, plone.rfc822, plone.scale, plone.schemaeditor, plone.session, plone.staticresources, plone.stringinterp, plone.subrequest, plone.supermodel, plone.testing, plone.theme, plone.tiles, plone.transformchain, plone.uuid, plone.versioncheck, plone.volto, plone.z3cform, plonecli, ploneorg.core, ploneorg.theme, plonetheme.barceloneta, plonetheme.sunburst, sphinxtheme.plone, training, volto","2015, 2016, 2017, 2018, 2019, 2020, 2021, 2022, 2023, 2024",2015-01-04,2024-12-15
esteele,3470,27,1,esteele,134,"Plone, Products.ATContentTypes, Products.Archetypes, Products.CMFDiffTool, Products.CMFDynamicViewFTI, Products.CMFEditions, Products.CMFFormController, Products.CMFPlacefulWorkflow, Products.CMFPlone, Products.CMFQuickInstallerTool, Products.ExtendedPathIndex, Products.Marshall, Products.MimetypesRegistry, Products.PlacelessTranslationService, Products.PloneLanguageTool, Products.PlonePAS, Products.PortalTransforms, Products.ResourceRegistries, Products.contentmigration, Products.statusmessages, Products.validation, archetypes.multilingual, archetypes.referencebrowserwidget, archetypes.schemaextender, borg.localrole, buildout.coredev, collective.monkeypatcher, diazo, documentation, five.intid, guillotina, mockup, plone.api, plone.app.blob, plone.app.blocks, plone.app.caching, plone.app.collection, plone.app.content, plone.app.contentlisting, plone.app.contentmenu, plone.app.contentrules, plone.app.contenttypes, plone.app.controlpanel, plone.app.customerize, plone.app.debugtoolbar, plone.app.dexterity, plone.app.discussion, plone.app.drafts, plone.app.event, plone.app.folder, plone.app.i18n, plone.app.imaging, plone.app.intid, plone.app.iterate, plone.app.layout, plone.app.ldap, plone.app.linkintegrity, plone.app.lockingbehavior, plone.app.multilingual, plone.app.openid, plone.app.portlets, plone.app.querystring, plone.app.redirector, plone.app.referenceablebehavior, plone.app.registry, plone.app.relationfield, plone.app.robotframework, plone.app.testing, plone.app.textfield, plone.app.theming, plone.app.tiles, plone.app.upgrade, plone.app.users, plone.app.uuid, plone.app.versioningbehavior, plone.app.viewletmanager, plone.app.vocabularies, plone.app.widgets, plone.app.workflow, plone.app.z3cform, plone.autoform, plone.base, plone.batching, plone.browserlayer, plone.cachepurging, plone.dexterity, plone.event, plone.folder, plone.formwidget.autocomplete, plone.formwidget.datetime, plone.formwidget.namedfile, plone.formwidget.querystring, plone.formwidget.recurrence, plone.i18n, plone.indexer, plone.jsonserializer, plone.keyring, plone.locking, plone.login, plone.memoize, plone.namedfile, plone.openid, plone.outputfilters, plone.portlet.collection, plone.portlet.static, plone.protect, plone.recipe.zeoserver, plone.recipe.zope2instance, plone.registry, plone.releaser, plone.resource, plone.resourceeditor, plone.rest, plone.restapi, plone.rfc822, plone.scale, plone.schemaeditor, plone.session, plone.staticresources, plone.stringinterp, plone.subrequest, plone.supermodel, plone.testing, plone.theme, plone.tiles, plone.transformchain, plone.uuid, plone.versioncheck, plone.z3cform, ploneorg.core, ploneorg.theme, plonetheme.barceloneta, plonetheme.sunburst, volto","2015, 2016, 2017, 2018, 2019, 2020, 2021, 2022",2015-01-18,2022-11-27
starzel,3375,635,2,"pbauer, tlotze",136,"2023.ploneconf.org, Plone, Products.ATContentTypes, Products.Archetypes, Products.CMFDiffTool, Products.CMFDynamicViewFTI, Products.CMFEditions, Products.CMFFormController, Products.CMFPlacefulWorkflow, Products.CMFPlone, Products.CMFQuickInstallerTool, Products.LinguaPlone, Products.Marshall, Products.MimetypesRegistry, Products.PlacelessTranslationService, Products.PloneLanguageTool, Products.PlonePAS, Products.PortalTransforms, Products.ResourceRegistries, Products.contentmigration, Products.statusmessages, archetypes.referencebrowserwidget, archetypes.schemaextender, bobtemplates.plone, borg.localrole, buildout.coredev, collective.monkeypatcher, demo.plone.org, diazo, documentation, five.intid, jenkins.plone.org, mockup, old_plone.org, planet.plone.org, plone-backend, plone.api, plone.app.blob, plone.app.caching, plone.app.content, plone.app.contentlisting, plone.app.contentmenu, plone.app.contentrules, plone.app.contenttypes, plone.app.customerize, plone.app.debugtoolbar, plone.app.dexterity, plone.app.discussion, plone.app.drafts, plone.app.event, plone.app.folder, plone.app.i18n, plone.app.imaging, plone.app.intid, plone.app.iterate, plone.app.layout, plone.app.linkintegrity, plone.app.lockingbehavior, plone.app.multilingual, plone.app.portlets, plone.app.querystring, plone.app.referenceablebehavior, plone.app.registry, plone.app.relationfield, plone.app.robotframework, plone.app.standardtiles, plone.app.testing, plone.app.textfield, plone.app.theming, plone.app.upgrade, plone.app.users, plone.app.uuid, plone.app.versioningbehavior, plone.app.viewletmanager, plone.app.vocabularies, plone.app.vulnerabilities, plone.app.widgets, plone.app.workflow, plone.app.z3cform, plone.autoform, plone.base, plone.batching, plone.browserlayer, plone.cachepurging, plone.caching, plone.com-static, plone.contentrules, plone.dexterity, plone.distribution, plone.exportimport, plone.folder, plone.formwidget.namedfile, plone.formwidget.recurrence, plone.i18n, plone.indexer, plone.intelligenttext, plone.locking, plone.login, plone.namedfile, plone.nl, plone.org, plone.outputfilters, plone.patternslib, plone.portlet.collection, plone.portlet.static, plone.protect, plone.recipe.alltests, plone.recipe.zope2instance, plone.registry, plone.releaser, plone.reload, plone.resource, plone.resourceeditor, plone.rest, plone.restapi, plone.rfc822, plone.scale, plone.schemaeditor, plone.session, plone.staticresources, plone.stringinterp, plone.subrequest, plone.supermodel, plone.testing, plone.theme, plone.tiles, plone.transformchain, plone.volto, plone.z3cform, ploneconf.org, ploneorg.core, plonetheme.barceloneta, quickstart, training, volto, zodbverify","2015, 2016, 2017, 2018, 2019, 2020, 2021, 2022, 2023, 2024",2015-01-04,2024-12-15
stevepiercy,2901,767,1,stevepiercy,35,".github, Plone, Products.CMFPlone, ansible-playbook, ansible.plone_server, buildout.coredev, cookieplone, cookieplone-templates, demo.plone.org, documentation, helm-charts, meta, mockup, mr.roboto, plone-backend, plone-sphinx-theme, plone-vs-snippets, plone.api, plone.app.caching, plone.app.theming, plone.base, plone.distribution, plone.org, plone.recipe.zope2instance, plone.rest, plone.restapi, plone.volto, ploneorg.theme, plonetheme.barceloneta, pylons-project-assimilation, sphinxtheme.plone, training, volto, volto-quanta-project, volto-reference-backend","2016, 2017, 2018, 2019, 2020, 2021, 2022, 2023, 2024",2016-11-06,2024-12-29
kombinat,2647,663,1,petschki,80,"Products.Archetypes, Products.CMFDiffTool, Products.CMFEditions, Products.CMFFormController, Products.CMFPlone, Products.MimetypesRegistry, Products.PortalTransforms, archetypes.schemaextender, bobtemplates.plone, buildout.coredev, collective.monkeypatcher, diazo, documentation, jenkins.plone.org, meta, mockup, mr.roboto, plone.app.blocks, plone.app.caching, plone.app.content, plone.app.contentmenu, plone.app.contentrules, plone.app.contenttypes, plone.app.debugtoolbar, plone.app.dexterity, plone.app.discussion, plone.app.drafts, plone.app.event, plone.app.folder, plone.app.layout, plone.app.mosaic, plone.app.multilingual, plone.app.portlets, plone.app.querystring, plone.app.registry, plone.app.relationfield, plone.app.robotframework, plone.app.standardtiles, plone.app.testing, plone.app.textfield, plone.app.theming, plone.app.tiles, plone.app.upgrade, plone.app.users, plone.app.versioningbehavior, plone.app.viewletmanager, plone.app.widgets, plone.app.workflow, plone.app.z3cform, plone.autoform, plone.base, plone.batching, plone.dexterity, plone.folder, plone.formwidget.hcaptcha, plone.formwidget.querystring, plone.formwidget.recaptcha, plone.formwidget.recurrence, plone.jsonserializer, plone.keyring, plone.locking, plone.namedfile, plone.outputfilters, plone.patternslib, plone.portlet.collection, plone.portlet.static, plone.protect, plone.recipe.haproxy, plone.recipe.zeoserver, plone.recipe.zope2instance, plone.resourceeditor, plone.restapi, plone.schemaeditor, plone.staticresources, plone.testing, plone.theme, plone.versioncheck, plone.volto, plone.z3cform, plonetheme.barceloneta","2015, 2016, 2017, 2018, 2019, 2020, 2021, 2022, 2023, 2024",2015-01-04,2024-12-22
nuclia,1924,765,3,"bloodbare, ebrehault, mpellerin42",67,"Products.ATContentTypes, Products.Archetypes, Products.CMFDiffTool, Products.CMFPlone, Products.PlonePAS, ansible-playbook, archetypes.multilingual, buildout.coredev, diazo, documentation, executioner, guillotina, guillotina-volto, guillotina_dbusers, guillotina_elasticsearch, guillotina_gcloudstorage, guillotina_mailer, guillotina_prometheus, guillotina_rediscache, guillotina_s3storage, mockup, mr.roboto, pastanaga-angular, planet.plone.org, plone.alterego, plone.api, plone.app.caching, plone.app.content, plone.app.contentmenu, plone.app.contenttypes, plone.app.controlpanel, plone.app.dexterity, plone.app.discussion, plone.app.i18n, plone.app.layout, plone.app.linkintegrity, plone.app.mosaic, plone.app.multilingual, plone.app.portlets, plone.app.querystring, plone.app.registry, plone.app.relationfield, plone.app.standardtiles, plone.app.testing, plone.app.theming, plone.app.upgrade, plone.app.users, plone.app.versioningbehavior, plone.app.vocabularies, plone.app.widgets, plone.app.workflowmanager, plone.docker, plone.i18n, plone.jenkins_server, plone.jsonserializer, plone.org, plone.registry, plone.resource, plone.resourceeditor, plone.rest, plone.restapi, plone.restapi-angular, plone.schemaeditor, plone.theme, plonetheme.barceloneta, training, volto","2015, 2016, 2017, 2018, 2019, 2020, 2021, 2022, 2023, 2024",2015-01-04,2024-11-03
derico,1920,218,1,MrTango,52,"Products.CMFPlone, Products.PortalTransforms, ansible.plone_server, bobtemplates.plone, buildout.coredev, classic-ui-team, documentation, mockup, papyrus, pat-content-browser, plone-vs-snippets, plone.api, plone.app.blocks, plone.app.contentrules, plone.app.contenttypes, plone.app.dexterity, plone.app.discussion, plone.app.layout, plone.app.ldap, plone.app.mosaic, plone.app.multilingual, plone.app.portlets, plone.app.querystring, plone.app.registry, plone.app.robotframework, plone.app.standardtiles, plone.app.testing, plone.app.theming, plone.app.tiles, plone.app.upgrade, plone.app.users, plone.app.widgets, plone.app.z3cform, plone.autoinclude, plone.base, plone.classicui, plone.docker, plone.gallery, plone.namedfile, plone.outputfilters, plone.pdfexport, plone.resourceeditor, plone.restapi, plone.scale, plone.schema, plone.staticresources, plone.subrequest, plone.typesense, plonecli, plonetheme.barceloneta, training, volto","2015, 2016, 2017, 2018, 2019, 2020, 2021, 2022, 2023, 2024",2015-01-18,2024-11-17
university-jyvaskyl√§,1424,177,1,datakurre,47,"Products.CMFPlone, Products.statusmessages, buildout.coredev, documentation, guillotina, mockup, papyrus, planet.plone.org, plone.alterego, plone.app.blocks, plone.app.content, plone.app.contentrules, plone.app.contenttypes, plone.app.controlpanel, plone.app.drafts, plone.app.mosaic, plone.app.multilingual, plone.app.portlets, plone.app.querystring, plone.app.registry, plone.app.robotframework, plone.app.standardtiles, plone.app.textfield, plone.app.theming, plone.app.tiles, plone.app.upgrade, plone.app.versioningbehavior, plone.app.workflow, plone.app.z3cform, plone.autoform, plone.dexterity, plone.formwidget.namedfile, plone.jsonserializer, plone.namedfile, plone.protect, plone.recipe.codeanalysis, plone.schemaeditor, plone.subrequest, plone.supermodel, plone.synchronize, plone.testing, plone.themepreview, plone.tiles, plone.uuid, plonetheme.barceloneta, training, volto","2015, 2016, 2017, 2018, 2019, 2020, 2021, 2022, 2023",2015-01-18,2023-06-25
eau-de-web,1306,645,8,"Petchesi-Iulian, ana-oprea, avoinea, claudiaifrim, dobri1408, ichim-david, nileshgulia1, tiberiuichim",45,"Products.CMFEditions, Products.CMFPlone, buildout.coredev, critical-css-cli, documentation, mockup, pastanaga-icons, planet.plone.org, plone-backend, plone-haproxy, plone.api, plone.app.caching, plone.app.collection, plone.app.contenttypes, plone.app.dexterity, plone.app.discussion, plone.app.event, plone.app.imaging, plone.app.iterate, plone.app.layout, plone.app.multilingual, plone.app.portlets, plone.app.redirector, plone.app.relationfield, plone.app.upgrade, plone.app.users, plone.app.versioningbehavior, plone.app.widgets, plone.cachepurging, plone.dexterity, plone.docker, plone.namedfile, plone.portlet.collection, plone.recipe.zope2instance, plone.rest, plone.restapi, plone.schema, plone.schemaeditor, plone.stringinterp, plone.volto, plonetheme.barceloneta, training, volto, volto-addon-ci, volto-quanta","2015, 2016, 2017, 2018, 2019, 2020, 2021, 2022, 2023, 2024",2015-04-12,2024-12-15
rohberg,1219,292,1,ksuess,31,"Plone, Products.CMFPlacefulWorkflow, Products.CMFPlone, buildout.coredev, cookieplone-templates, demo.plone.org, documentation, guillotina, mockup, plone.api, plone.app.blocks, plone.app.caching, plone.app.content, plone.app.contentmenu, plone.app.dexterity, plone.app.discussion, plone.app.linkintegrity, plone.app.robotframework, plone.app.standardtiles, plone.app.testing, plone.app.upgrade, plone.app.vocabularies, plone.app.z3cform, plone.exportimport, plone.formwidget.hcaptcha, plone.i18n, plone.restapi, plone.schema, plone.volto, training, volto","2017, 2018, 2019, 2020, 2021, 2022, 2023, 2024",2017-07-16,2024-12-22
agitator,1074,239,1,agitator,52,"Products.Archetypes, Products.CMFEditions, Products.CMFPlacefulWorkflow, Products.CMFPlone, bobtemplates.plone, buildout.coredev, documentation, mockup, plone.app.blocks, plone.app.caching, plone.app.content, plone.app.contentmenu, plone.app.contentrules, plone.app.contenttypes, plone.app.dexterity, plone.app.discussion, plone.app.event, plone.app.layout, plone.app.mosaic, plone.app.multilingual, plone.app.portlets, plone.app.querystring, plone.app.registry, plone.app.robotframework, plone.app.standardtiles, plone.app.textfield, plone.app.theming, plone.app.tiles, plone.app.upgrade, plone.app.users, plone.app.widgets, plone.app.workflow, plone.app.z3cform, plone.base, plone.batching, plone.dexterity, plone.formwidget.autocomplete, plone.formwidget.multifile, plone.formwidget.namedfile, plone.i18n, plone.jsonserializer, plone.login, plone.outputfilters, plone.portlet.collection, plone.portlet.static, plone.rest, plone.restapi, plone.staticresources, plone.subrequest, plone.z3cform, plonetheme.barceloneta, training","2015, 2016, 2017, 2018, 2019, 2020, 2021, 2022, 2023",2015-01-11,2023-01-22
redturtle,790,547,8,"Wagner3UB, cekk, folix-01, giuliaghisini, mamico, nzambello, pnicolli, yurj",52,"Products.CMFFormController, Products.CMFPlone, Products.PortalTransforms, blocks-conversion-tool, bobtemplates.plone, buildout.coredev, cookieplone-templates, documentation, mockup, plone-backend, plone-frontend, plone-zeo, plone.app.caching, plone.app.content, plone.app.contentlisting, plone.app.contentmenu, plone.app.contenttypes, plone.app.dexterity, plone.app.discussion, plone.app.event, plone.app.layout, plone.app.multilingual, plone.app.portlets, plone.app.querystring, plone.app.standardtiles, plone.app.theming, plone.app.tiles, plone.app.users, plone.app.z3cform, plone.dexterity, plone.distribution, plone.docker, plone.event, plone.formwidget.contenttree, plone.formwidget.datetime, plone.formwidget.hcaptcha, plone.formwidget.namedfile, plone.formwidget.recaptcha, plone.namedfile, plone.org, plone.patternslib, plone.recipe.zeoserver, plone.recipe.zope2instance, plone.rest, plone.restapi, plone.scale, plone.staticresources, plone.volto, ploneorg.theme, plonetheme.barceloneta, training, volto","2015, 2017, 2018, 2019, 2020, 2021, 2022, 2023, 2024",2015-03-22,2024-12-29
codesyntax,746,402,3,"erral, ionlizarazu, libargutxi",51,"2023.ploneconf.org, Products.CMFDiffTool, Products.CMFPlone, Products.LinguaPlone, Products.validation, bobtemplates.plone, buildout.coredev, cookieplone, cookieplone-templates, documentation, jenkins.plone.org, mockup, plone-backend, plone-vs-snippets, plone.app.caching, plone.app.content, plone.app.contentlisting, plone.app.contentrules, plone.app.contenttypes, plone.app.dexterity, plone.app.discussion, plone.app.event, plone.app.iterate, plone.app.layout, plone.app.linkintegrity, plone.app.multilingual, plone.app.portlets, plone.app.querystring, plone.app.registry, plone.app.theming, plone.app.upgrade, plone.app.users, plone.app.versioningbehavior, plone.app.viewletmanager, plone.dexterity, plone.distribution, plone.formwidget.hcaptcha, plone.formwidget.recaptcha, plone.i18n, plone.nl, plone.recipe.haproxy, plone.recipe.zope2instance, plone.rest, plone.restapi, plone.staticresources, plone.volto, plone.z3cform, plonecli, plonetheme.barceloneta, training, volto","2015, 2016, 2017, 2018, 2019, 2020, 2021, 2022, 2023, 2024",2015-09-06,2024-12-29
tkimnguyen,514,148,1,tkimnguyen,41,"2023.ploneconf.org, 2024.ploneconf.org, Installers-UnifiedInstaller, Plone, Products.CMFPlone, ansible-playbook, ansible.plone_server, archetypes.referencebrowserwidget, bobtemplates.plone, buildout.coredev, diazo, documentation, guillotina, mockup, planet.plone.org, plone-backend, plone.api, plone.app.dexterity, plone.app.layout, plone.app.ldap, plone.app.mosaic, plone.app.theming, plone.app.viewletmanager, plone.app.workflowmanager, plone.com-static, plone.dexterity, plone.docker, plone.formwidget.namedfile, plone.namedfile, plone.nl, plone.protect, plone.restapi, ploneconf.org, ploneconf2016.policy, plonedev.vagrant, ploneorg.core, ploneorg.theme, plonetheme.barceloneta, pylons-project-assimilation, sphinxtheme.plone, training","2015, 2016, 2017, 2018, 2019, 2020, 2021, 2022, 2023, 2024",2015-02-22,2024-12-29
4teamwork,345,143,6,"buchi, deiferni, elioschmutz, jone, lukasgraf, phgross",12,"collective.indexing, plone.app.relationfield, plone.app.robotframework, plone.app.textfield, plone.dexterity, plone.formwidget.contenttree, plone.formwidget.datetime, plone.namedfile, plone.protect, plone.rest, plone.restapi, plone.supermodel","2015, 2016, 2017, 2018, 2019, 2020, 2021",2015-05-24,2021-05-02
imio,343,132,3,"bsuttor, gbastien, gotcha",61,"2023.ploneconf.org, Products.ATContentTypes, Products.Archetypes, Products.CMFDynamicViewFTI, Products.CMFPlone, Products.LinguaPlone, Products.MimetypesRegistry, Products.PortalTransforms, Products.contentmigration, Products.validation, archetypes.multilingual, archetypes.referencebrowserwidget, bobtemplates.plone, buildout.coredev, code-quality, guillotina, jenkins.plone.org, meta, planet.plone.org, plone.api, plone.app.blocks, plone.app.contentlisting, plone.app.contentrules, plone.app.contenttypes, plone.app.dexterity, plone.app.discussion, plone.app.event, plone.app.form, plone.app.iterate, plone.app.layout, plone.app.multilingual, plone.app.relationfield, plone.app.robotframework, plone.app.standardtiles, plone.app.testing, plone.app.textfield, plone.app.themingplugins, plone.app.upgrade, plone.app.users, plone.app.vocabularies, plone.app.z3cform, plone.batching, plone.cachepurging, plone.dexterity, plone.docker, plone.formwidget.datetime, plone.formwidget.querystring, plone.htmx, plone.multilingualbehavior, plone.namedfile, plone.nl, plone.outputfilters, plone.recipe.zeoserver, plone.recipe.zope2instance, plone.restapi, plone.scale, plone.schemaeditor, plone.testing, ploneconf.org, training, volto","2015, 2016, 2017, 2018, 2019, 2020, 2021, 2022, 2023, 2024",2015-01-04,2024-10-20
university-hospital-dresden,298,85,1,1letter,31,"Products.CMFPlacefulWorkflow, Products.CMFPlone, Products.ResourceRegistries, bobtemplates.plone, buildout.coredev, documentation, meta, mockup, plone.app.content, plone.app.contentmenu, plone.app.contentrules, plone.app.contenttypes, plone.app.dexterity, plone.app.discussion, plone.app.event, plone.app.i18n, plone.app.layout, plone.app.mosaic, plone.app.multilingual, plone.app.portlets, plone.app.registry, plone.app.upgrade, plone.app.users, plone.app.widgets, plone.base, plone.i18n, plone.portlet.collection, plone.restapi, plone.schemaeditor, plone.staticresources, plonetheme.barceloneta","2019, 2020, 2021, 2022, 2023, 2024",2019-07-21,2024-12-15
iskra,264,179,3,"masipcat, nilbacardit26, rboixaderg",7,"guillotina, guillotina_elasticsearch, guillotina_prometheus, guillotina_rediscache, guillotina_s3storage, pastanaga-angular, volto","2018, 2019, 2020, 2021, 2022, 2023, 2024",2018-01-07,2024-10-20
tschorr,261,61,1,tschorr,23,"Products.Archetypes, Products.CMFEditions, Products.CMFPlone, Products.CMFQuickInstallerTool, Products.PlonePAS, Products.isurlinportal, buildout.coredev, documentation, helm-charts, plone.api, plone.app.contentlisting, plone.app.discussion, plone.app.linkintegrity, plone.app.testing, plone.autoinclude, plone.protect, plone.recipe.zeoserver, plone.recipe.zope2instance, plone.rest, plone.restapi, plonetheme.barceloneta, training, volto","2015, 2016, 2017, 2018, 2019, 2020, 2021, 2022, 2023, 2024",2015-09-06,2024-04-21
frapell,252,111,1,frapell,37,"Products.CMFDiffTool, Products.CMFPlone, buildout.coredev, collective.monkeypatcher, guillotina, guillotina-volto, mockup, plone.app.blob, plone.app.content, plone.app.contenttypes, plone.app.dexterity, plone.app.event, plone.app.iterate, plone.app.mosaic, plone.app.portlets, plone.app.querystring, plone.app.standardtiles, plone.app.theming, plone.app.upgrade, plone.app.widgets, plone.app.workflow, plone.app.z3cform, plone.base, plone.dexterity, plone.folder, plone.formwidget.hcaptcha, plone.formwidget.recaptcha, plone.formwidget.recurrence, plone.memoize, plone.patternslib, plone.recipe.zope2instance, plone.rest, plone.schemaeditor, plone.staticresources, plonetheme.barceloneta, training, volto","2015, 2016, 2017, 2018, 2019, 2020, 2021, 2022, 2023, 2024",2015-01-11,2024-03-03
polyester,193,93,1,polyester,28,"Installers-UnifiedInstaller, Plone, Products.CMFPlone, ansible-playbook, archive.plone.org, bobtemplates.plone, buildout.coredev, documentation, papyrus, planet.plone.org, plone.api, plone.app.contenttypes, plone.app.dexterity, plone.app.event, plone.app.layout, plone.app.portlets, plone.app.robotframework, plone.app.testing, plone.app.theming, plone.rest, plone.restapi, plone.testing, ploneorg.core, ploneorg.theme, plonetheme.barceloneta, pylons-project-assimilation, sphinxtheme.plone, training","2015, 2016, 2017, 2018, 2019, 2020, 2021, 2022, 2023, 2024",2015-04-26,2024-11-24
pretaweb,169,148,4,"JeffersonBledsoe, djay, djowett, instification",34,"Products.CMFPlone, Products.LinguaPlone, ansible-playbook, ansible.plone_server, archetypes.multilingual, bobtemplates.plone, buildout.coredev, documentation, helm-charts, plone.app.async, plone.app.caching, plone.app.collection, plone.app.contentlisting, plone.app.contentrules, plone.app.contenttypes, plone.app.customerize, plone.app.debugtoolbar, plone.app.discussion, plone.app.iterate, plone.app.layout, plone.app.multilingual, plone.app.querystring, plone.app.standardtiles, plone.app.theming, plone.app.vulnerabilities, plone.autoform, plone.locking, plone.namedfile, plone.rest, plone.restapi, plone.supermodel, plonetheme.barceloneta, training, volto","2015, 2016, 2017, 2018, 2019, 2020, 2021, 2022, 2023, 2024",2015-03-08,2024-12-01
serpro,164,157,1,wesleybl,25,"Products.CMFEditions, Products.CMFPlone, bobtemplates.plone, buildout.coredev, code-quality, meta, plone-frontend, plone.app.contenttypes, plone.app.discussion, plone.app.iterate, plone.app.robotframework, plone.app.testing, plone.app.versioningbehavior, plone.dexterity, plone.dotfiles, plone.formwidget.recaptcha, plone.rest, plone.restapi, plone.scale, plone.schemaeditor, plone.volto, plonecli, training, volto, volto-addon-ci","2020, 2021, 2022, 2023, 2024",2020-10-25,2024-12-15
it-spirit,156,26,1,thomasmassmann,17,"Products.CMFPlone, Products.PortalTransforms, bobtemplates.plone, buildout.coredev, documentation, mockup, plone.app.layout, plone.app.standardtiles, plone.app.theming, plone.app.upgrade, plone.app.users, plone.recipe.codeanalysis, plone.resourceeditor, plone.restapi, plonecli, plonetheme.barceloneta, training","2015, 2017, 2018, 2019, 2020, 2021, 2022",2015-07-12,2022-01-09
affinitic,136,67,2,"laulaz, mpeeters",35,"2023.ploneconf.org, Products.CMFPlone, archetypes.multilingual, bobtemplates.plone, buildout.coredev, diazo, documentation, mockup, pastanaga, plone.api, plone.app.caching, plone.app.content, plone.app.contenttypes, plone.app.dexterity, plone.app.event, plone.app.layout, plone.app.mosaic, plone.app.multilingual, plone.app.theming, plone.app.versioningbehavior, plone.app.z3cform, plone.base, plone.behavior, plone.formwidget.autocomplete, plone.formwidget.datetime, plone.formwidget.multifile, plone.gallery, plone.nl, plone.org, plone.patternslib, plone.recipe.zope2instance, plone.restapi, ploneconf.org, training, volto","2015, 2016, 2017, 2018, 2019, 2020, 2021, 2022, 2023, 2024",2015-07-19,2024-10-06
dbain,90,20,1,pigeonflight,12,"Products.CMFPlone, ansible-playbook, bobtemplates.plone, documentation, planet.plone.org, plone.app.registry, plone.docker, plone.rest, plonecli, plonetheme.barceloneta, training, volto","2015, 2016, 2017, 2018, 2019, 2020, 2021, 2024",2015-03-01,2021-11-21
rohnsha0,87,21,1,rohnsha0,10,"Plone, Products.CMFPlone, buildout.coredev, plone.app.contentmenu, plone.app.theming, plone.app.vocabularies, plone.restapi, plone.volto, ploneorg.theme, sphinxtheme.plone","2022, 2024",2022-08-07,2024-10-13
dataflake,74,18,1,dataflake,3,"buildout.coredev, meta, plone.recipe.zope2instance","2019, 2020, 2021",2019-04-14,2021-10-31
iham,69,45,1,iham,27,"Products.Archetypes, Products.CMFDynamicViewFTI, Products.CMFEditions, Products.CMFPlone, bobtemplates.plone, buildout.coredev, plone.app.caching, plone.app.contentmenu, plone.app.contenttypes, plone.app.dexterity, plone.app.discussion, plone.app.event, plone.app.iterate, plone.app.layout, plone.app.mosaic, plone.app.multilingual, plone.app.registry, plone.app.relationfield, plone.app.upgrade, plone.app.versioningbehavior, plone.app.widgets, plone.app.workflowmanager, plone.app.z3cform, plone.batching, plone.recipe.codeanalysis, plone.supermodel, plonetheme.barceloneta","2016, 2018, 2019, 2020, 2021, 2022",2016-03-06,2022-09-11
academy-of-fine-arts-vienna,58,21,1,gogobd,11,"Products.Archetypes, buildout.coredev, cookiecutter-zope-instance, plone.api, plone.app.mosaic, plone.app.multilingual, plone.app.multilingualindexes, plone.app.querystring, plone.event, plone.instanceprofiling, plone.resource","2017, 2018, 2019, 2020, 2021, 2023, 2024",2017-01-29,2024-02-18
zopyx,51,17,1,zopyx,18,"Products.CMFPlone, Products.MimetypesRegistry, Products.PlonePAS, bobtemplates.plone, buildout.coredev, planet.plone.org, plone.api, plone.app.content, plone.app.dexterity, plone.app.layout, plone.app.portlets, plone.outputfilters, plone.recipe.zeoserver, plone.recipe.zope2instance, plone.rest, plone.restapi, plone.schemaeditor, training","2015, 2016, 2017, 2018, 2019, 2020, 2021, 2022, 2023",2015-04-05,2023-10-08
rpatterson,49,30,1,rpatterson,17,"Products.CMFPlone, Products.PlonePAS, Products.contentmigration, buildout.coredev, mr.roboto, plone.app.contenttypes, plone.app.imaging, plone.app.iterate, plone.app.portlets, plone.app.referenceablebehavior, plone.app.testing, plone.app.widgets, plone.app.z3cform, plone.rest, plone.restapi, plone.volto, volto","2018, 2019, 2020, 2021, 2022",2018-11-11,2022-03-06
zest,44,6,1,jladage,7,"plone.app.event, plone.app.layout, plone.app.multilingual, plone.app.upgrade, plone.base, plone.docker, plone.formwidget.namedfile","2015, 2016, 2017, 2024",2015-11-08,2024-03-31
ku-leuven,37,12,1,spereverde,10,"Products.PloneTestCase, documentation, plone.app.blob, plone.app.dexterity, plone.app.iterate, plone.app.standardtiles, plone.dotfiles, quickstart, training, volto","2018, 2019, 2020, 2021, 2022, 2023, 2024",2018-12-09,2024-02-18
macagua,36,15,1,macagua,7,"planet.plone.org, plone.app.blob, plone.app.debugtoolbar, plone.app.discussion, plone.restapi, training, volto","2015, 2016, 2017, 2018, 2019, 2021, 2022, 2023, 2024",2015-05-31,2024-02-18
cms-com,35,39,1,terapyon,17,"Installers-UnifiedInstaller, Products.CMFDiffTool, Products.CMFPlone, buildout.coredev, documentation, guillotina, mockup, plone.app.content, plone.app.dexterity, plone.app.discussion, plone.app.event, plone.app.imaging, plone.app.multilingual, plone.app.theming, plone.i18n, plone.restapi, volto","2015, 2016, 2017, 2018, 2019, 2020, 2021, 2022",2015-04-26,2022-11-06
radio-free-asia,25,12,1,flipmcf,10,"2023.ploneconf.org, documentation, mockup, plone.app.dexterity, plone.app.vocabularies, plone.formwidget.namedfile, plone.nl, plone.outputfilters, ploneconf.org, training","2018, 2019, 2020, 2021, 2022",2019-10-27,2021-12-05
cosent,15,14,1,gyst,9,"Products.CMFPlone, buildout.coredev, collective.indexing, plone.api, plone.app.event, plone.app.theming, plone.recipe.codeanalysis, plone.recipe.zope2instance, plonetheme.barceloneta","2015, 2016, 2018, 2024",2015-05-31,2024-05-05
university-tu-dresden,14,18,1,pgrunewald,10,"Products.Archetypes, Products.MimetypesRegistry, buildout.coredev, documentation, plone.app.linkintegrity, plone.formwidget.contenttree, plone.memoize, plone.outputfilters, plone.staticresources, volto","2016, 2017, 2019, 2020, 2022, 2023, 2024",2017-04-16,2024-05-12
abstract,14,17,2,"gianniftp, szakitibi",12,"Products.CMFPlone, documentation, plone.app.contentmenu, plone.app.contenttypes, plone.app.layout, plone.app.multilingual, plone.app.registry, plone.app.z3cform, plone.batching, plone.registry, plone.staticresources, volto","2021, 2023, 2024",2023-10-01,2024-05-19
witsch,14,11,1,witsch,6,"archetypes.multilingual, archetypes.querywidget, plone.app.multilingual, plone.portlet.collection, plone.restapi, plone.testing","2017, 2018, 2019, 2020, 2021, 2023",2017-02-26,2020-08-30
interaktiv,9,7,1,mliebischer,5,"cookiecutter-zope-instance, plone.app.contenttypes, plone.app.multilingual, plone.namedfile, training","2020, 2021, 2022, 2023",2021-02-07,2023-08-20
nelen-schuurmans,8,2,1,reinout,1,meta,2024,2024-01-28,2024-02-04
fhnw,3,5,2,"adrianschulz, tomschall",3,"cookieplone-templates, plone.de, volto",2024,2024-04-21,2024-07-21
minddistrict,0,48,1,icemac,19,"Products.Archetypes, Products.CMFPlacefulWorkflow, Products.CMFPlone, Products.PloneHotfix20210518, buildout.coredev, collective.monkeypatcher, diazo, documentation, plone.app.contentrules, plone.app.portlets, plone.app.testing, plone.app.workflow, plone.memoize, plone.protect, plone.recipe.zeoserver, plone.recipe.zope2instance, plone.testing, plone.z3cform, zodbverify","2015, 2016, 2017, 2018, 2019, 2020, 2021, 2022",,
